average_distance,worst_case_distance,controller_load_std,resilience_ratio,control_plane_reliability,trial,algorithm,controllers
2.5615759468008408,5.1627272794809365,5.0,1.1057080731463649,1.0,1,random,s0-n2;s0-n5
1.3478901523799562,2.4143601197838063,0.0,2.0370366190093145,1.0,1,greedy_k_center,s0-n4;s1-n5
1.15443412556543,2.4143601197838063,0.0,2.1051138490597214,1.0,1,kmeans,s1-n4;s0-n1
1.1061969007702273,2.114558939472679,0.0,2.362117662492156,1.0,1,genetic,s0-n3;s1-n4
1.1061969007702273,2.114558939472679,0.0,2.362117662492156,1.0,1,bandit_rl,s0-n3;s1-n4
