average_distance,worst_case_distance,controller_load_std,resilience_ratio,trial,algorithm,controllers
1.94734444151066,4.171496645296068,3.0,1.2503557009841226,1,random,s0-n3;s0-n1
1.1296540872746677,2.0492994382027856,0.0,2.0856536804923396,1,greedy_k_center,s1-n0;s0-n4
1.1838491742980248,2.119968118659294,0.0,2.221316528905401,1,kmeans,s1-n4;s0-n4
1.0323552756088143,2.025297901932485,0.0,2.4071896596400233,1,genetic,s0-n1;s1-n2
1.0565920946168732,2.025297901932485,0.0,2.336671945858229,1,bandit_rl,s0-n0;s1-n2
