average_distance,worst_case_distance,controller_load_std,resilience_ratio,control_plane_reliability,trial,algorithm,controllers
1.2137836455097046,2.0983218904072247,0.0,2.2663688441307475,1.0,1,random,s0-n4;s1-n5
1.1926063716176671,2.0983218904072247,0.0,2.075961554516649,1.0,1,greedy_k_center,s0-n2;s1-n0
1.0405553145228756,1.5970749532764046,0.0,2.082472403835763,1.0,1,kmeans,s1-n3;s0-n2
0.8956951941354306,1.7472987581643773,0.0,2.3398989403541304,1.0,1,genetic,s0-n3;s1-n2
0.8956951941354306,1.7472987581643773,0.0,2.3398989403541304,1.0,1,bandit_rl,s0-n3;s1-n2
