scenario,num_sites,num_controllers,algorithm,average_distance,control_plane_reliability,resilience_ratio,worst_case_distance,controller_load_std,runtime_ms,iterations_budget,iterations_to_converge,is_pareto_optimal
sites2_k2,2,2,genetic,1.5204435121719821,1.0,2.0566848647667078,2.7375474399702804,0.0,58.96260000008624,50.0,18.333333333333332,True
sites2_k3,2,3,bandit_rl,1.2657873163961968,1.0,1.4511518190448218,2.5479277181039004,2.943920288775949,570.7651666695407,300.0,7.0,True
sites2_k5,2,5,genetic,0.9988666553337814,1.0,1.253354626609711,2.2747556461638774,1.32664991614216,124.09259999791782,50.0,28.333333333333332,True
sites3_k2,3,2,genetic,2.548873534114042,1.0,1.6409225528067306,5.434962812506602,2.6666666666666665,102.69903332906931,50.0,12.0,True
sites3_k3,3,3,genetic,1.6143563557998546,1.0,1.597745920260184,2.9389960311676533,0.5443310539518174,109.04413333143263,50.0,30.0,True
sites3_k5,3,5,genetic,1.2280632812788932,1.0,1.2905680896527263,2.4455888471617353,2.6096206932027117,146.40186666413987,50.0,35.333333333333336,True
sites4_k2,4,2,genetic,2.772125568868967,1.0,1.6754589335062182,5.087517792145641,2.6666666666666665,112.18133333022706,50.0,20.0,True
sites4_k3,4,3,genetic,2.329898888648201,1.0,1.4208717290679234,5.392815655275349,3.968991307196017,131.3196000022193,50.0,37.666666666666664,True
sites4_k5,4,5,genetic,1.5314069292322836,1.0,1.3469041146916485,3.1913580145301985,3.135553091891527,179.8687000021649,50.0,47.333333333333336,True
