{
  "metadata": {
    "pilot_episodes": 50,
    "total_steps": 500,
    "elapsed_seconds": 1.128382921218872,
    "timestamp": "2026-04-10 17:45:30"
  },
  "hyperparameters": {
    "learning_rate": 0.001,
    "batch_size": 32,
    "gamma": 0.99,
    "replay_memory_size": 10000,
    "target_update_frequency": 100,
    "epsilon_start": 1.0,
    "epsilon_end": 0.05,
    "epsilon_decay": 0.995
  },
  "topology": {
    "name": "Internet2",
    "nodes": 11,
    "edges": 18,
    "seed": 42
  },
  "episode_rewards": [
    10.95,
    11.45,
    11.3,
    10.999999999999998,
    11.600000000000001,
    11.3,
    11.600000000000001,
    11.75,
    11.700000000000001,
    11.7,
    11.45,
    10.799999999999999,
    12.200000000000001,
    11.799999999999997,
    10.999999999999998,
    11.55,
    11.349999999999998,
    11.399999999999997,
    11.599999999999998,
    11.3,
    11.5,
    11.399999999999999,
    11.399999999999999,
    11.35,
    10.799999999999997,
    11.049999999999997,
    11.649999999999999,
    11.85,
    12.0,
    10.899999999999999,
    11.25,
    10.899999999999999,
    11.649999999999999,
    11.200000000000001,
    11.949999999999998,
    11.2,
    11.45,
    11.299999999999999,
    11.200000000000001,
    11.2,
    11.299999999999999,
    11.899999999999999,
    11.099999999999998,
    11.899999999999999,
    11.399999999999999,
    10.749999999999998,
    11.099999999999998,
    11.1,
    11.299999999999997,
    11.399999999999999
  ],
  "statistics": {
    "mean_reward": 11.384999999999998,
    "std_reward": 0.3330540496676181,
    "max_reward": 12.200000000000001,
    "min_reward": 10.749999999999998,
    "final_10_episode_avg": 11.324999999999998
  }
}